City_ID,City,Country,Date,Lat,Lng,Max Temp,Humidity,Cloudiness,Wind Speed
0,Mar Del Plata,AR,2022-07-11 07:32:11,-38.0023,-57.5575,51.1,81,0,11.99
1,Qaanaaq,GL,2022-07-11 07:33:33,77.484,-69.3632,39.87,94,100,1.92
2,Busselton,AU,2022-07-11 07:33:34,-33.65,115.3333,59.49,66,70,5.14
3,Tuatapere,NZ,2022-07-11 07:33:34,-46.1333,167.6833,35.06,86,45,4.43
4,Aykhal,RU,2022-07-11 07:33:34,66.0,111.5,57.07,87,100,4.54
5,North Bend,US,2022-07-11 07:30:03,43.4065,-124.2243,59.92,96,0,4.61
6,Bredasdorp,ZA,2022-07-11 07:33:35,-34.5322,20.0403,54.23,78,100,6.49
7,Puerto Ayora,EC,2022-07-11 07:33:35,-0.7393,-90.3518,67.55,99,97,5.99
8,East London,ZA,2022-07-11 07:33:35,-33.0153,27.9116,59.94,67,0,10.36
9,Cape Town,ZA,2022-07-11 07:28:49,-33.9258,18.4232,55.89,81,75,16.11
10,Nikolskoye,RU,2022-07-11 07:33:36,59.7035,30.7861,72.88,60,100,5.41
11,Hithadhoo,MV,2022-07-11 07:33:36,-0.6,73.0833,82.81,71,100,4.74
12,Cherskiy,RU,2022-07-11 07:33:37,68.75,161.3,67.17,37,91,8.41
13,Vaini,TO,2022-07-11 07:33:37,-21.2,-175.2,75.36,83,75,11.5
14,Coxim,BR,2022-07-11 07:31:19,-18.5067,-54.76,67.12,47,10,4.14
15,Rikitea,PF,2022-07-11 07:33:38,-23.1203,-134.9692,73.92,77,4,6.6
16,Bayeux,BR,2022-07-11 07:33:38,-7.125,-34.9322,70.43,100,0,9.22
17,Port Alfred,ZA,2022-07-11 07:33:38,-33.5906,26.891,58.17,74,9,5.99
18,Luganville,VU,2022-07-11 07:32:44,-15.5333,167.1667,78.69,82,35,6.11
19,Cockburn Town,TC,2022-07-11 07:33:39,21.4612,-71.1419,81.05,81,100,19.64
20,Punta Arenas,CL,2022-07-11 07:33:39,-53.15,-70.9167,15.91,86,0,4.61
21,Honiara,SB,2022-07-11 07:33:39,-9.4333,159.95,78.51,86,23,3.53
22,Viedma,AR,2022-07-11 07:33:40,-40.8135,-62.9967,44.53,69,100,14.32
23,Grand Gaube,MU,2022-07-11 07:33:40,-20.0064,57.6608,76.37,68,1,11.99
24,Victoria,HK,2022-07-11 07:32:00,22.2855,114.1577,91.45,66,68,8.99
25,Kaitangata,NZ,2022-07-11 07:33:41,-46.2817,169.8464,41.02,81,31,11.25
26,Hobart,AU,2022-07-11 07:29:09,-42.8794,147.3294,53.46,69,75,9.22
27,Ushuaia,AR,2022-07-11 07:31:47,-54.8,-68.3,24.46,80,0,4.61
28,Yellowknife,CA,2022-07-11 07:30:04,62.456,-114.3525,61.32,100,40,4.61
29,Avarua,CK,2022-07-11 07:33:42,-21.2078,-159.775,73.45,68,75,4.61
30,Mataura,NZ,2022-07-11 07:33:42,-46.1927,168.8643,37.47,91,41,4.7
31,Barrow,US,2022-07-11 07:33:42,71.2906,-156.7887,48.22,87,0,10.36
32,Santa Vitoria Do Palmar,BR,2022-07-11 07:30:03,-33.5189,-53.3681,61.27,99,100,7.78
33,Flinders,AU,2022-07-11 07:33:43,-34.5833,150.8552,56.17,80,100,1.99
34,Qasigiannguit,GL,2022-07-11 07:33:43,68.8193,-51.1922,39.45,92,98,2.59
35,Vila Velha,BR,2022-07-11 07:33:43,-20.3297,-40.2925,64.94,97,40,0.0
36,Castro,BR,2022-07-11 07:33:44,-24.7911,-50.0119,53.6,75,3,5.32
37,Butaritari,KI,2022-07-11 07:33:44,3.0707,172.7902,82.6,78,100,16.04
38,Hilo,US,2022-07-11 07:33:44,19.7297,-155.09,75.27,81,20,4.0
39,Firovo,RU,2022-07-11 07:33:45,57.4814,33.7021,65.39,90,100,6.06
40,Labuhan,ID,2022-07-11 07:33:45,-6.8844,112.2051,87.55,57,99,7.76
41,Hermanus,ZA,2022-07-11 07:33:45,-34.4187,19.2345,56.8,74,9,18.9
42,Bazaliya,UA,2022-07-11 07:33:46,49.7127,26.4733,57.96,75,98,8.5
43,Provideniya,RU,2022-07-11 07:34:46,64.3833,-173.3,55.45,72,76,5.48
44,Havoysund,NO,2022-07-11 07:34:46,70.9963,24.6622,53.83,76,0,6.26
45,Vestmannaeyjar,IS,2022-07-11 07:34:47,63.4427,-20.2734,51.15,93,100,15.14
46,Albany,US,2022-07-11 07:30:01,42.6001,-73.9662,58.53,82,0,2.17
47,Havelock,US,2022-07-11 07:34:47,34.8791,-76.9013,72.93,95,100,10.36
48,Kapaa,US,2022-07-11 07:34:47,22.0752,-159.319,78.78,86,20,17.27
49,Akyab,MM,2022-07-11 07:34:48,20.15,92.9,80.2,90,100,13.31
50,Torbay,CA,2022-07-11 07:30:05,47.6666,-52.7314,54.57,88,20,8.05
51,Tuktoyaktuk,CA,2022-07-11 07:34:48,69.4541,-133.0374,41.4,88,99,6.33
52,Dikson,RU,2022-07-11 07:34:49,73.5069,80.5464,39.04,83,54,7.67
53,Etchoropo,MX,2022-07-11 07:34:49,26.7667,-109.6667,88.41,58,100,4.36
54,Faanui,PF,2022-07-11 07:34:49,-16.4833,-151.75,78.1,76,16,16.02
55,Clyde River,CA,2022-07-11 07:34:50,70.4692,-68.5914,39.43,87,100,3.44
56,Rio Gallegos,AR,2022-07-11 07:31:39,-51.6226,-69.2181,10.45,100,0,4.61
57,Arraial Do Cabo,BR,2022-07-11 07:34:50,-22.9661,-42.0278,69.85,89,5,21.68
58,Ayame,CI,2022-07-11 07:34:50,5.6083,-3.1563,75.15,85,100,4.05
59,Yulara,AU,2022-07-11 07:34:51,-25.2406,130.9889,66.43,22,3,11.52
60,Ponta Do Sol,PT,2022-07-11 07:34:51,32.6667,-17.1,72.23,69,14,5.59
61,Dunedin,NZ,2022-07-11 07:31:01,-45.8742,170.5036,45.81,61,88,20.0
62,Atuona,PF,2022-07-11 07:34:51,-9.8,-139.0333,77.81,77,67,20.18
63,Kachiry,KZ,2022-07-11 07:34:52,53.0675,76.1036,85.84,38,77,11.99
64,New Norfolk,AU,2022-07-11 07:34:52,-42.7826,147.0587,53.1,73,100,1.01
65,Bathsheba,BB,2022-07-11 07:34:53,13.2167,-59.5167,83.01,90,20,24.16
66,Guiglo,CI,2022-07-11 07:34:53,6.5456,-7.4966,71.28,94,100,2.84
67,Tessalit,ML,2022-07-11 07:34:54,20.1986,1.0114,95.22,16,1,9.1
68,Port Blair,IN,2022-07-11 07:34:54,11.6667,92.75,81.3,84,100,20.69
69,Fortuna,US,2022-07-11 07:34:54,40.5982,-124.1573,58.66,91,0,1.23
70,Sisimiut,GL,2022-07-11 07:34:54,66.9395,-53.6735,42.71,82,94,8.39
71,Puerto Del Rosario,ES,2022-07-11 07:34:55,28.5004,-13.8627,76.75,69,20,21.85
72,Muros,ES,2022-07-11 07:34:55,42.7762,-9.0603,67.75,76,0,2.39
73,Souillac,MU,2022-07-11 07:34:55,-20.5167,57.5167,73.78,73,75,16.11
74,Muisne,EC,2022-07-11 07:34:56,0.6,-80.0333,73.26,85,100,8.55
75,Meiganga,CM,2022-07-11 07:34:56,6.5167,14.3,71.67,89,82,1.14
76,Port Hardy,CA,2022-07-11 07:34:56,50.6996,-127.4199,62.78,72,100,9.22
77,Kayerkan,RU,2022-07-11 07:34:57,69.3497,87.7602,51.53,61,88,17.63
78,Thompson,CA,2022-07-11 07:30:05,55.7435,-97.8558,55.56,100,75,4.61
79,Sligo,IE,2022-07-11 07:34:57,54.2697,-8.4694,62.69,86,100,8.03
80,Bayangol,RU,2022-07-11 07:34:58,50.6977,103.4656,60.17,74,100,0.38
81,Green River,US,2022-07-11 07:34:58,41.5286,-109.4662,68.4,33,0,5.08
82,Pacific Grove,US,2022-07-11 07:33:50,36.6177,-121.9166,57.51,94,100,11.01
83,Syracuse,IT,2022-07-11 07:34:58,37.0881,15.2792,79.97,61,0,7.99
84,Saint-Pierre,RE,2022-07-11 07:34:59,-21.3393,55.4781,76.91,59,0,8.05
85,Ancud,CL,2022-07-11 07:34:59,-41.8697,-73.8203,44.22,89,69,6.6
86,Amberley,US,2022-07-11 07:34:59,39.2048,-84.428,69.04,89,0,3.44
87,Pundaguitan,PH,2022-07-11 07:34:59,6.3711,126.1689,84.13,73,100,16.98
88,Severo-Kurilsk,RU,2022-07-11 07:35:00,50.6789,156.125,59.81,89,47,3.85
89,Lorengau,PG,2022-07-11 07:35:00,-2.0226,147.2712,82.96,71,25,9.1
90,Bethel,US,2022-07-11 07:34:39,41.3712,-73.414,66.54,88,0,0.0
91,Atambua,ID,2022-07-11 07:35:01,-9.1061,124.8925,77.05,67,60,5.19
92,Alta Floresta,BR,2022-07-11 07:36:01,-9.8756,-56.0861,65.3,65,10,2.75
93,Deputatskiy,RU,2022-07-11 07:36:01,69.3,139.9,52.66,95,100,4.38
94,Warrington,GB,2022-07-11 07:36:02,53.3925,-2.5802,73.33,77,0,4.61
95,Jamestown,US,2022-07-11 07:33:17,42.097,-79.2353,62.24,77,0,4.61
96,Kirakira,SB,2022-07-11 07:36:02,-10.4544,161.9205,79.36,83,5,5.95
97,Yanam,IN,2022-07-11 07:36:02,16.7333,82.2167,81.05,74,100,13.42
98,Iqaluit,CA,2022-07-11 07:36:03,63.7506,-68.5145,38.93,86,40,0.0
99,Nanortalik,GL,2022-07-11 07:36:03,60.1432,-45.2371,40.8,89,68,2.95
100,Armidale,AU,2022-07-11 07:36:03,-30.5167,151.65,41.11,84,100,3.36
101,Constitucion,CL,2022-07-11 07:36:04,-35.3333,-72.4167,45.3,86,0,4.36
102,Visnes,NO,2022-07-11 07:36:04,59.3556,5.2242,59.38,72,75,5.75
103,Bubaque,GW,2022-07-11 07:36:05,11.2833,-15.8333,79.54,81,55,6.26
104,Ishinomaki,JP,2022-07-11 07:36:05,38.4167,141.3,73.4,83,100,6.51
105,Tateyama,JP,2022-07-11 07:36:05,34.9833,139.8667,78.85,81,95,6.51
106,Saint-Philippe,RE,2022-07-11 07:36:06,-21.3585,55.7679,74.79,66,21,12.93
107,Hualmay,PE,2022-07-11 07:36:06,-11.0964,-77.6139,60.71,88,72,8.97
108,Samarai,PG,2022-07-11 07:36:06,-10.6167,150.6667,80.74,73,12,11.92
109,Pandharpur,IN,2022-07-11 07:36:07,17.6667,75.3333,75.97,80,100,17.29
110,Gushi,CN,2022-07-11 07:36:07,34.6425,109.5843,98.38,42,100,12.24
111,Lagoa,PT,2022-07-11 07:36:07,39.05,-27.9833,65.64,79,100,8.01
112,Russell,US,2022-07-11 07:36:07,32.3502,-85.1999,78.4,94,0,0.0
113,Velingara,SN,2022-07-11 07:36:08,13.15,-14.1167,77.81,90,65,6.29
114,Mao,ES,2022-07-11 07:36:08,39.8885,4.2658,81.16,61,0,0.0
115,Puerto Berrio,CO,2022-07-11 07:31:59,6.4916,-74.4033,72.77,99,100,1.03
116,Lexington,US,2022-07-11 07:31:44,37.9887,-84.4777,70.12,85,0,4.61
117,Hasaki,JP,2022-07-11 07:36:09,35.7333,140.8333,88.29,85,97,8.88
118,Ribeira Grande,PT,2022-07-11 07:36:09,38.5167,-28.7,63.0,77,40,8.05
119,Staunton,US,2022-07-11 07:36:09,38.1496,-79.0717,57.31,78,0,0.0
120,Port Elizabeth,ZA,2022-07-11 07:36:10,-33.918,25.5701,59.31,70,0,11.99
121,Cervo,ES,2022-07-11 07:36:10,43.6702,-7.4101,67.96,78,3,6.08
122,Dasoguz,TM,2022-07-11 07:36:10,41.8363,59.9666,93.15,20,0,13.8
123,Dingle,PH,2022-07-11 07:36:11,10.9995,122.6711,81.99,84,99,8.88
124,Longyearbyen,SJ,2022-07-11 07:36:11,78.2186,15.6401,46.24,81,75,8.05
125,Maragogi,BR,2022-07-11 07:36:11,-9.0122,-35.2225,73.9,84,84,11.05
126,Mukhen,RU,2022-07-11 07:36:12,48.1,136.1,66.69,99,100,2.64
127,Tiksi,RU,2022-07-11 07:36:12,71.6872,128.8694,41.65,86,83,14.43
128,Voyinka,UA,2022-07-11 07:36:12,45.8699,33.9914,77.77,50,28,15.08
129,Port Lincoln,AU,2022-07-11 07:36:13,-34.7333,135.8667,55.0,71,49,14.41
130,Bluff,NZ,2022-07-11 07:31:16,-46.6,168.3333,37.8,80,80,17.87
131,Merauke,ID,2022-07-11 07:36:13,-8.4667,140.3333,79.18,85,33,14.88
132,San Cristobal,VE,2022-07-11 07:36:13,7.7669,-72.225,65.25,89,100,2.82
133,Canaries,ES,2022-07-11 07:36:14,28.0,-15.5,75.4,24,20,24.16
134,Georgetown,MY,2022-07-11 07:33:24,5.4112,100.3354,89.53,70,40,9.22
135,Teluk Nibung,ID,2022-07-11 07:36:14,3.001,99.8164,85.23,71,67,7.45
136,Comodoro Rivadavia,AR,2022-07-11 07:36:15,-45.8667,-67.5,26.46,86,0,4.61
137,Upernavik,GL,2022-07-11 07:36:15,72.7868,-56.1549,37.76,89,28,4.7
138,Senador Jose Porfirio,BR,2022-07-11 07:37:15,-2.5908,-51.9542,72.3,92,13,4.0
139,Adeje,ES,2022-07-11 07:37:16,28.1227,-16.726,74.28,73,0,2.3
140,Harper,LR,2022-07-11 07:37:17,4.375,-7.7169,76.78,76,99,6.64
141,Okhotsk,RU,2022-07-11 07:37:17,59.3833,143.3,60.12,85,100,7.52
142,Lahaina,US,2022-07-11 07:36:18,20.8783,-156.6825,77.81,82,100,12.21
143,Carnarvon,AU,2022-07-11 07:37:17,-24.8667,113.6333,73.26,41,0,9.69
144,Zorlentu Mare,RO,2022-07-11 07:37:17,45.4506,21.9561,61.38,56,100,5.01
145,Libreville,GA,2022-07-11 07:36:33,0.3925,9.4537,73.42,73,20,9.22
146,Xining,CN,2022-07-11 07:37:18,36.6167,101.7667,76.8,55,95,15.64
147,Rantepao,ID,2022-07-11 07:35:24,-2.9701,119.8978,71.82,89,100,2.71
148,Port Hedland,AU,2022-07-11 07:37:18,-20.3167,118.5667,75.25,29,20,12.66
149,Ho Chi Minh City,VN,2022-07-11 07:34:54,10.75,106.6667,87.82,74,75,11.5
150,Katsuura,JP,2022-07-11 07:37:19,35.1333,140.3,78.71,83,52,6.82
151,Norman Wells,CA,2022-07-11 07:37:19,65.282,-126.8329,66.24,72,75,5.75
152,Talnakh,RU,2022-07-11 07:37:20,69.4865,88.3972,52.21,50,97,19.06
153,Verkhnyaya Inta,RU,2022-07-11 07:37:20,65.9811,60.3094,74.25,39,0,4.18
154,Champerico,GT,2022-07-11 07:37:20,14.3,-91.9167,78.08,88,100,6.64
155,Cidreira,BR,2022-07-11 07:37:21,-30.1811,-50.2056,62.08,85,100,5.21
156,Sedro-Woolley,US,2022-07-11 07:37:21,48.5039,-122.2361,61.5,87,0,0.0
157,Paripiranga,BR,2022-07-11 07:37:21,-10.6875,-37.8617,61.88,96,25,3.53
158,Saskylakh,RU,2022-07-11 07:37:22,71.9167,114.0833,41.77,85,100,19.39
159,Husavik,IS,2022-07-11 07:37:22,66.0449,-17.3389,48.07,98,100,1.45
160,Nouadhibou,MR,2022-07-11 07:37:22,20.931,-17.0347,67.98,100,100,6.91
161,Batticaloa,LK,2022-07-11 07:37:23,7.7102,81.6924,92.28,46,100,18.32
162,Ootmarsum,DE,2022-07-11 07:37:23,52.4076,6.8969,63.7,89,100,7.7
163,Praia Da Vitoria,PT,2022-07-11 07:37:23,38.7333,-27.0667,66.45,77,75,7.85
164,Erenhot,CN,2022-07-11 07:37:24,43.6475,111.9767,93.18,12,59,18.63
165,Wattegama,LK,2022-07-11 07:37:24,6.7989,81.4808,84.88,51,100,3.44
166,Chernyshevskiy,RU,2022-07-11 07:37:25,63.0128,112.4714,72.59,35,89,5.77
167,Saint George,US,2022-07-11 07:36:36,37.1041,-113.5841,90.19,21,0,1.99
168,Bonthe,SL,2022-07-11 07:37:25,7.5264,-12.505,75.85,88,100,5.84
169,Lebu,CL,2022-07-11 07:37:25,-37.6167,-73.65,45.16,88,95,6.91
170,Kushmurun,KZ,2022-07-11 07:37:26,52.4503,64.6311,83.21,44,56,13.62
171,Port Moresby,PG,2022-07-11 07:37:26,-9.4431,147.1797,85.42,70,40,16.11
172,Los Llanos De Aridane,ES,2022-07-11 07:34:52,28.6585,-17.9182,65.95,88,0,19.57
173,Faya,SA,2022-07-11 07:37:26,18.3851,42.4509,77.11,31,89,10.29
174,Pisco,PE,2022-07-11 07:37:27,-13.7,-76.2167,61.02,88,100,6.91
175,Salinopolis,BR,2022-07-11 07:37:27,-0.6136,-47.3561,76.6,84,39,6.6
176,Kodiak,US,2022-07-11 07:37:27,57.79,-152.4072,63.91,55,100,8.05
177,Nago,JP,2022-07-11 07:37:28,26.5881,127.9761,90.45,74,35,7.9
178,Santana,BR,2022-07-11 07:37:28,-0.0583,-51.1817,78.98,94,75,1.14
179,Tonstad,NO,2022-07-11 07:37:28,58.6626,6.7169,67.78,53,0,3.51
180,Carauari,BR,2022-07-11 07:37:29,-4.8828,-66.8958,70.18,99,80,2.13
181,Bow Island,CA,2022-07-11 07:37:29,49.8668,-111.3684,57.38,82,14,4.61
182,Namibe,AO,2022-07-11 07:37:29,-15.1961,12.1522,67.01,81,12,4.52
183,Khatanga,RU,2022-07-11 07:37:29,71.9667,102.5,50.97,45,100,11.7
184,Gazimurskiy Zavod,RU,2022-07-11 07:37:30,51.5461,118.3266,69.49,53,100,3.94
185,Yatou,CN,2022-07-11 07:38:30,37.15,122.3833,80.04,71,43,9.55
186,Chimore,BO,2022-07-11 07:38:30,-16.9833,-65.1333,75.13,69,100,0.94
187,Svetlyy,RU,2022-07-11 07:38:31,54.675,20.1347,59.05,61,14,8.3
188,Launceston,AU,2022-07-11 07:38:31,-41.45,147.1667,51.8,80,75,11.5
189,Pomabamba,PE,2022-07-11 07:38:31,-8.8333,-77.4667,45.81,92,20,0.38
190,Hamilton,US,2022-07-11 07:36:24,39.1834,-84.5333,69.03,92,0,3.44
191,Alekseyevsk,RU,2022-07-11 07:38:32,57.8406,108.3492,76.03,39,47,4.74
192,Atar,MR,2022-07-11 07:38:32,20.5169,-13.0499,84.61,47,0,9.89
193,Tura,IN,2022-07-11 07:36:28,25.5198,90.2201,87.93,65,87,3.56
194,Franklin,US,2022-07-11 07:38:32,39.9667,-83.0166,66.94,90,0,0.0
195,Henties Bay,NA,2022-07-11 07:38:32,-22.116,14.2845,57.79,77,0,5.14
196,Tambo Grande,PE,2022-07-11 07:38:33,-4.9269,-80.3447,63.16,77,63,4.29
197,Esperance,AU,2022-07-11 07:38:33,-33.8667,121.9,59.16,60,91,4.38
198,Chokurdakh,RU,2022-07-11 07:38:33,70.6333,147.9167,71.56,33,100,11.97
199,Mehamn,NO,2022-07-11 07:38:34,71.0357,27.8492,57.15,77,0,3.44
200,Sorong,ID,2022-07-11 07:38:34,-0.8833,131.25,80.29,82,98,2.51
201,Olbia,IT,2022-07-11 07:38:34,40.9214,9.4856,84.25,32,0,1.14
202,Monte Alegre De Sergipe,BR,2022-07-11 07:38:35,-10.0272,-37.5622,64.27,96,43,4.36
203,Ixtapa,MX,2022-07-11 07:38:35,20.7,-105.2,78.22,94,100,6.91
204,Saldanha,ZA,2022-07-11 07:38:35,-33.0117,17.9442,51.85,67,13,12.93
205,Alofi,NU,2022-07-11 07:38:36,-19.0595,-169.9187,75.09,78,40,14.97
206,Tommot,RU,2022-07-11 07:38:36,58.9564,126.2925,67.41,86,99,3.74
207,Laguna,US,2022-07-11 07:36:07,38.421,-121.4238,81.45,53,0,6.91
208,Olafsvik,IS,2022-07-11 07:38:36,64.8945,-23.7142,50.54,92,100,7.14
209,San Jeronimo,PE,2022-07-11 07:38:37,-11.9472,-75.2829,44.71,83,75,3.15
210,Tasiilaq,GL,2022-07-11 07:38:37,65.6145,-37.6368,46.56,75,95,3.38
211,Mount Gambier,AU,2022-07-11 07:38:37,-37.8333,140.7667,46.15,97,100,5.88
212,Saint Anthony,US,2022-07-11 07:38:37,45.0205,-93.218,75.92,91,0,11.5
213,Bogorodskoye,RU,2022-07-11 07:38:38,56.55,37.8833,79.07,52,60,14.0
214,Kaduy,RU,2022-07-11 07:38:38,59.2,37.15,76.86,55,98,8.63
215,Hami,CN,2022-07-11 07:38:07,42.8,93.45,96.19,9,1,15.17
216,Nantucket,US,2022-07-11 07:38:38,41.2835,-70.0995,66.99,88,0,5.75
217,Ilheus,BR,2022-07-11 07:38:39,-14.7889,-39.0494,67.44,88,51,2.84
218,Wasilla,US,2022-07-11 07:38:39,61.5814,-149.4394,60.3,86,75,3.44
219,Itarema,BR,2022-07-11 07:38:39,-2.9248,-39.9167,74.48,86,28,11.14
220,Cabo San Lucas,MX,2022-07-11 07:35:27,22.8909,-109.9124,87.1,49,98,3.0
221,Mackay,AU,2022-07-11 07:38:40,-21.15,149.2,60.67,75,95,11.74
222,Yar-Sale,RU,2022-07-11 07:38:40,66.8333,70.8333,60.94,52,99,11.25
223,Tiznit,MA,2022-07-11 07:38:40,29.5833,-9.5,95.09,9,3,1.01
224,Sorland,NO,2022-07-11 07:38:41,67.667,12.6934,55.26,76,20,9.22
225,Porto Santo,PT,2022-07-11 07:38:41,33.072,-16.3415,68.38,77,40,18.41
226,Acapulco,MX,2022-07-11 07:35:45,16.8634,-99.8901,82.22,83,75,2.3
227,Moose Factory,CA,2022-07-11 07:38:41,51.2585,-80.6094,53.58,100,75,5.75
228,Netrakona,BD,2022-07-11 07:38:42,24.8833,90.7167,94.87,51,62,6.89
229,Guhagar,IN,2022-07-11 07:38:42,17.4842,73.1929,79.3,85,100,19.55
230,The Valley,AI,2022-07-11 07:38:42,18.217,-63.0578,82.09,74,54,17.11
231,Lavrentiya,RU,2022-07-11 07:38:42,65.5833,-171.0,47.34,83,93,7.47
232,Boguchany,RU,2022-07-11 07:39:43,58.3814,97.4531,69.64,78,51,6.89
233,Sitka,US,2022-07-11 07:39:43,57.0531,-135.33,55.29,88,100,14.97
234,Rabo De Peixe,PT,2022-07-11 07:39:43,37.8,-25.5833,67.28,74,75,4.61
235,Sosva,RU,2022-07-11 07:39:44,59.1766,61.8558,86.32,36,49,5.99
236,Rudnichnyy,RU,2022-07-11 07:39:44,59.617,52.4703,83.55,43,74,4.03
237,Sao Joao Da Barra,BR,2022-07-11 07:39:45,-21.6403,-41.0511,66.83,88,5,9.46
238,Kavaratti,IN,2022-07-11 07:39:45,10.5669,72.642,81.63,81,96,18.72
239,Orlik,RU,2022-07-11 07:39:45,52.5178,99.825,62.8,45,100,0.13
240,Baruun-Urt,MN,2022-07-11 07:39:46,46.6806,113.2792,77.83,35,100,11.61
241,Ilulissat,GL,2022-07-11 07:39:46,69.2167,-51.1,39.22,100,100,3.44
242,Guerrero Negro,MX,2022-07-11 07:39:46,27.9769,-114.0611,66.88,87,78,11.16
243,Vostok,RU,2022-07-11 07:39:47,46.4856,135.8833,65.79,95,100,2.04
244,Bambous Virieux,MU,2022-07-11 07:39:47,-20.3428,57.7575,76.21,73,75,16.11
245,Honggang,CN,2022-07-11 07:39:48,46.4667,124.8667,88.79,35,8,7.49
246,Polovinnoye,RU,2022-07-11 07:39:48,54.7914,65.9864,83.37,53,86,12.15
247,Sharjah,AE,2022-07-11 07:39:48,25.3573,55.4033,100.69,37,0,19.57
248,Madang,PG,2022-07-11 07:39:49,-5.2246,145.7966,80.87,82,100,7.96
249,Vienne,AT,2022-07-11 07:39:49,48.2085,16.3721,66.81,63,20,15.01
250,Pevek,RU,2022-07-11 07:39:49,69.7008,170.3133,38.82,76,10,2.66
251,Cabedelo,BR,2022-07-11 07:39:50,-6.9811,-34.8339,70.47,83,64,11.41
252,Chuy,UY,2022-07-11 07:39:50,-33.6971,-53.4616,60.93,99,97,4.74
253,Luderitz,NA,2022-07-11 07:39:50,-26.6481,15.1594,58.5,57,0,9.4
254,Bemidji,US,2022-07-11 07:39:50,47.4736,-94.8803,66.9,100,0,3.44
255,Alice Springs,AU,2022-07-11 07:39:51,-23.7,133.8833,69.22,32,0,9.22
256,Buin,CL,2022-07-11 07:39:51,-33.7333,-70.75,47.73,91,100,1.77
257,Geilo,NO,2022-07-11 07:39:51,60.5333,8.2076,62.56,70,13,2.08
258,Mecca,SA,2022-07-11 07:38:32,21.4267,39.8261,101.21,13,77,8.12
259,Sao Felix Do Xingu,BR,2022-07-11 07:39:52,-6.6447,-51.995,65.91,64,35,2.26
260,Byron Bay,AU,2022-07-11 07:39:52,-28.65,153.6167,57.94,74,91,9.8
261,Grass Valley,US,2022-07-11 07:38:16,39.2191,-121.0611,77.38,46,0,1.99
262,Katikati,NZ,2022-07-11 07:39:53,-37.55,175.9167,55.0,97,100,22.17
263,Aklavik,CA,2022-07-11 07:39:53,68.2191,-135.0107,58.3,72,4,8.79
264,Randazzo,IT,2022-07-11 07:39:53,37.8774,14.9501,75.42,36,0,2.86
265,Anzhero-Sudzhensk,RU,2022-07-11 07:39:54,56.081,86.0285,73.81,41,5,11.45
266,Tigil,RU,2022-07-11 07:39:54,57.8,158.6667,75.15,68,0,6.13
267,Shumikha,RU,2022-07-11 07:39:54,55.2261,63.2961,81.0,59,93,11.34
268,Presidencia Roque Saenz Pena,AR,2022-07-11 07:39:54,-26.7852,-60.4388,63.39,82,50,9.78
269,Eureka,US,2022-07-11 07:39:55,40.8021,-124.1637,57.92,83,0,1.97
270,Yumen,CN,2022-07-11 07:39:55,40.2833,97.2,89.6,14,100,9.06
271,Trat,TH,2022-07-11 07:39:55,12.5,102.5,81.91,91,100,9.64
272,Sovetskiy,RU,2022-07-11 07:39:56,61.3614,63.5842,79.48,34,93,4.23
273,Cayenne,GF,2022-07-11 07:39:56,4.9333,-52.3333,74.08,1,41,3.44
274,Half Moon Bay,US,2022-07-11 07:39:56,37.4636,-122.4286,70.88,84,0,10.36
275,Gualeguay,AR,2022-07-11 07:39:57,-33.1416,-59.3097,55.89,79,100,12.66
276,Mangrol,IN,2022-07-11 07:39:57,21.1167,70.1167,80.64,86,100,21.18
277,Kutum,SD,2022-07-11 07:39:57,14.2,24.6667,84.13,38,92,7.18
278,Shingu,JP,2022-07-11 07:39:58,33.7333,135.9833,81.07,78,100,3.22
279,Mwinilunga,ZM,2022-07-11 07:40:58,-11.7358,24.4293,72.41,32,12,8.01
280,Jiblah,YE,2022-07-11 07:40:58,13.9216,44.1467,72.34,41,100,8.84
281,Daru,PG,2022-07-11 07:40:58,-9.0763,143.2092,77.68,88,99,17.38
282,Ochtrup,DE,2022-07-11 07:40:59,52.2167,7.1833,63.86,85,100,8.23
283,Zabaykalsk,RU,2022-07-11 07:40:59,49.6333,117.3167,59.63,83,100,6.06
284,Tynda,RU,2022-07-11 07:41:00,55.1667,124.7167,67.62,77,66,5.14
285,Garowe,SO,2022-07-11 07:41:00,8.4054,48.4845,82.98,44,97,31.16
286,Seoul,KR,2022-07-11 07:40:00,37.5683,126.9778,88.99,64,75,6.91
287,Nichinan,JP,2022-07-11 07:41:00,31.6,131.3667,85.68,76,73,6.22
288,Tocopilla,CL,2022-07-11 07:41:01,-22.092,-70.1979,58.15,72,100,2.48
289,Turgenevo,RU,2022-07-11 07:41:01,54.8455,46.3297,80.91,55,16,11.12
290,Catamarca,AR,2022-07-11 07:41:02,-28.4696,-65.7852,53.58,39,2,4.47
291,Dzidzantun,MX,2022-07-11 07:41:02,21.25,-89.05,72.5,96,100,3.29
292,Hailey,US,2022-07-11 07:41:02,43.5196,-114.3153,60.89,52,0,10.36
293,Bilibino,RU,2022-07-11 07:41:03,68.0546,166.4372,63.7,41,100,1.97
294,Ahipara,NZ,2022-07-11 07:41:03,-35.1667,173.1667,63.95,93,100,17.52
295,Awjilah,LY,2022-07-11 07:41:03,29.1081,21.2869,83.26,44,0,10.6
296,Orange Cove,US,2022-07-11 07:40:04,36.6244,-119.3137,83.61,41,0,4.61
297,Grindavik,IS,2022-07-11 07:41:04,63.8424,-22.4338,51.75,93,75,10.36
298,Palana,RU,2022-07-11 07:41:04,59.1167,159.9667,63.19,67,65,2.1
299,Kieta,PG,2022-07-11 07:41:05,-6.2167,155.6333,79.45,84,71,5.39
300,Binga,ZW,2022-07-11 07:41:05,-17.6203,27.3414,70.0,44,0,3.94
301,Cuauhtemoc,MX,2022-07-11 07:41:05,28.4167,-106.8667,62.91,79,100,5.19
302,Khuzhir,RU,2022-07-11 07:41:05,53.1939,107.3397,55.24,79,63,2.3
303,Saiha,IN,2022-07-11 07:41:06,22.4833,92.9667,79.41,90,71,2.35
304,Marsa Matruh,EG,2022-07-11 07:41:06,31.3525,27.2453,81.52,55,0,11.86
305,Ruteng,ID,2022-07-11 07:41:06,-8.6136,120.4721,65.98,88,94,3.02
306,Bonavista,CA,2022-07-11 07:41:07,48.6499,-53.1147,52.41,85,2,11.74
307,Ileza,RU,2022-07-11 07:41:07,61.0533,43.9002,81.99,45,11,6.49
308,Fort Nelson,CA,2022-07-11 07:41:07,58.8053,-122.7002,54.99,94,40,4.61
309,Kushima,JP,2022-07-11 07:41:08,31.4583,131.2333,83.89,72,100,5.06
310,Majene,ID,2022-07-11 07:41:08,-3.5403,118.9707,79.07,84,100,7.87
311,Codrington,AU,2022-07-11 07:41:08,-38.2667,141.9667,47.61,95,100,15.41
312,San Policarpo,PH,2022-07-11 07:37:53,12.1791,125.5072,82.31,83,100,7.58
313,Katangli,RU,2022-07-11 07:41:09,51.7102,143.2326,61.65,66,9,12.84
314,Dunmore East,IE,2022-07-11 07:41:09,52.1514,-6.9861,65.21,87,51,5.23
315,Okha,RU,2022-07-11 07:41:09,53.5739,142.9478,66.7,81,64,12.62
316,Pervomayskoye,RU,2022-07-11 07:41:10,43.919,46.7102,97.99,18,0,25.32
317,Gongzhuling,CN,2022-07-11 07:41:10,43.5008,124.8198,82.92,59,0,4.34
318,Norman,US,2022-07-11 07:40:02,35.2226,-97.4395,81.01,76,0,0.0
319,Wenling,CN,2022-07-11 07:41:11,28.3669,121.36,85.28,84,100,8.72
320,Menongue,AO,2022-07-11 07:41:11,-14.6585,17.691,69.8,29,0,8.28
321,Boke,GN,2022-07-11 07:41:11,10.9409,-14.2967,76.12,92,30,1.9
322,Birjand,IR,2022-07-11 07:41:12,32.8663,59.2211,97.27,6,0,13.8
323,Ketchikan,US,2022-07-11 07:41:12,55.3422,-131.6461,55.87,88,100,17.27
324,Rongai,KE,2022-07-11 07:42:12,-0.1733,35.8638,63.18,70,100,5.55
325,Ndende,GA,2022-07-11 07:42:13,-2.4008,11.3581,76.08,62,10,1.86
326,Rocha,UY,2022-07-11 07:42:13,-34.4833,-54.3333,56.64,98,100,9.35
327,Koumac,NC,2022-07-11 07:42:13,-20.5667,164.2833,72.63,86,83,13.13
328,Haines Junction,CA,2022-07-11 07:42:14,60.7522,-137.5108,53.55,94,100,4.61
329,Mahebourg,MU,2022-07-11 07:42:14,-20.4081,57.7,76.24,73,75,16.11
330,Tomatlan,MX,2022-07-11 07:42:15,19.9333,-105.25,75.65,95,76,1.52
331,Abu Kamal,SY,2022-07-11 07:42:15,34.4506,40.9171,91.09,26,0,14.63
332,Sao Filipe,CV,2022-07-11 07:42:15,14.8961,-24.4956,73.15,85,25,8.03
333,Bereda,ES,2022-07-11 07:42:16,43.2686,-7.5406,74.59,51,0,1.16
334,Puli,TW,2022-07-11 07:42:16,23.9664,120.9695,92.21,72,70,4.5
335,Svetlogorsk,BY,2022-07-11 07:42:16,52.6333,29.7333,66.87,59,100,13.58
336,Kavieng,PG,2022-07-11 07:42:17,-2.5744,150.7967,81.34,80,71,10.58
337,Urumqi,CN,2022-07-11 07:42:17,43.801,87.6005,85.15,22,20,6.71
338,Whitianga,NZ,2022-07-11 07:42:17,-36.8333,175.7,61.14,98,100,13.71
339,San Jose,US,2022-07-11 07:39:31,37.3394,-121.895,72.72,65,0,3.44
340,Malayal,PH,2022-07-11 07:42:17,7.208,121.942,85.8,66,14,5.64
341,Bengkulu,ID,2022-07-11 07:42:18,-3.8004,102.2655,83.14,69,70,6.53
342,Porecatu,BR,2022-07-11 07:42:18,-22.7558,-51.3792,60.12,64,21,5.03
343,Bandarbeyla,SO,2022-07-11 07:42:18,9.4942,50.8122,86.65,47,80,33.93
344,Sandpoint,US,2022-07-11 07:40:16,48.2766,-116.5533,59.02,78,0,4.61
345,Sept-Iles,CA,2022-07-11 07:40:02,50.2001,-66.3821,54.12,95,100,3.44
346,Nuevo Progreso,MX,2022-07-11 07:42:19,23.1667,-97.95,80.55,69,84,6.44
347,Orocue,CO,2022-07-11 07:42:19,4.7912,-71.3354,71.89,96,100,3.65
348,Ellensburg,US,2022-07-11 07:42:19,46.9965,-120.5479,69.93,62,0,14.97
349,Barretos,BR,2022-07-11 07:42:20,-20.5572,-48.5678,60.4,63,96,7.29
350,Xuddur,SO,2022-07-11 07:42:20,4.1213,43.8894,75.34,61,97,21.74
351,Margate,GB,2022-07-11 07:42:20,51.3813,1.3862,74.88,53,0,6.44
352,Kuusamo,FI,2022-07-11 07:39:30,65.9667,29.1833,64.44,82,40,5.75
353,Zaoyang,CN,2022-07-11 07:42:21,32.1272,112.7542,93.58,60,55,17.4
354,Mantua,IT,2022-07-11 07:42:21,45.1667,10.7833,80.1,66,26,10.0
355,Kashi,CN,2022-07-11 07:42:21,39.4547,75.9797,83.41,26,40,8.95
356,Te Anau,NZ,2022-07-11 07:42:22,-45.4167,167.7167,33.58,81,96,1.05
357,Charlestown,AU,2022-07-11 07:42:22,-32.95,151.6667,56.73,80,99,1.99
358,Tautira,PF,2022-07-11 07:42:22,-17.7333,-149.15,76.98,79,44,16.96
359,Petropavl,KZ,2022-07-11 07:42:23,54.8753,69.1628,85.98,42,0,13.42
360,Kelvington,CA,2022-07-11 07:42:23,52.1667,-103.5343,52.68,95,53,7.87
361,Moindou,NC,2022-07-11 07:42:23,-21.6924,165.677,70.23,87,96,7.47
362,Tilichiki,RU,2022-07-11 07:42:24,60.4667,166.1,65.26,59,1,5.03
363,Katherine,AU,2022-07-11 07:42:24,-14.4667,132.2667,80.92,26,15,8.05
364,Barra Do Garcas,BR,2022-07-11 07:42:24,-15.89,-52.2567,61.56,58,21,3.36
365,Port Macquarie,AU,2022-07-11 07:42:25,-31.4333,152.9167,55.44,78,13,9.22
366,Reitz,ZA,2022-07-11 07:42:25,-27.8014,28.4273,48.78,48,0,12.12
367,Udachnyy,RU,2022-07-11 07:42:25,66.4167,112.4,55.45,93,100,6.87
368,Fayaoue,NC,2022-07-11 07:42:25,-20.65,166.5333,74.88,84,52,16.78
369,Rutul,RU,2022-07-11 07:42:26,41.5357,47.4239,84.04,37,0,4.52
370,San Patricio,US,2022-07-11 07:42:26,28.017,-97.5169,84.88,82,8,11.27
371,Tarakan,ID,2022-07-11 07:42:26,3.3,117.6333,83.7,74,20,3.44
372,Klaksvik,FO,2022-07-11 07:43:27,62.2266,-6.589,50.92,97,100,16.98
373,Coihaique,CL,2022-07-11 07:41:26,-45.5752,-72.0662,22.95,86,100,4.61
374,Brokopondo,SR,2022-07-11 07:43:27,4.75,-55.1667,74.41,92,100,5.39
375,Nueve De Julio,AR,2022-07-11 07:43:27,-35.4444,-60.8831,47.12,58,99,14.05
376,Mawlaik,MM,2022-07-11 07:43:28,23.6333,94.4167,90.63,61,92,3.31
377,Praya,CV,2022-07-11 07:43:28,14.9215,-23.5087,75.74,78,40,9.22
378,Poum,NC,2022-07-11 07:43:28,-20.2333,164.0167,74.89,79,65,22.48
379,General Pico,AR,2022-07-11 07:43:29,-35.6566,-63.7568,38.03,82,92,8.63
380,Prince Rupert,CA,2022-07-11 07:43:29,54.3161,-130.3201,55.49,84,100,26.46
381,Aksarka,RU,2022-07-11 07:43:29,66.5606,67.7975,64.26,54,95,6.73
382,Hervey Bay,AU,2022-07-11 07:43:30,-25.2986,152.8535,62.08,76,0,12.01
383,Beringovskiy,RU,2022-07-11 07:43:30,63.05,179.3167,45.68,98,100,14.25
384,Eyl,SO,2022-07-11 07:43:30,7.9803,49.8164,86.65,46,100,31.0
385,Maldonado,UY,2022-07-11 07:39:26,-34.6667,-54.9167,52.99,96,100,10.16
386,Dalton,US,2022-07-11 07:43:31,34.7698,-84.9702,74.71,88,71,3.91
387,Berovo,MK,2022-07-11 07:43:31,41.7031,22.8578,65.01,45,0,8.61
388,Vardo,NO,2022-07-11 07:43:31,70.3705,31.1107,49.98,93,100,5.75
389,Abancay,PE,2022-07-11 07:43:32,-13.6339,-72.8814,53.06,86,100,1.23
390,Envira,BR,2022-07-11 07:43:32,-7.3,-70.2167,69.08,99,61,2.66
391,Abnub,EG,2022-07-11 07:43:32,27.2696,31.1511,92.01,29,0,14.88
392,Broome,US,2022-07-11 07:43:32,42.2506,-75.833,60.01,82,1,3.65
393,Anadyr,RU,2022-07-11 07:43:33,64.75,177.4833,52.3,87,75,4.47
394,Nuuk,GL,2022-07-11 07:41:04,64.1835,-51.7216,38.01,100,100,4.61
395,Mazatlan,MX,2022-07-11 07:40:27,23.2167,-106.4167,85.01,81,75,1.01
396,Challapata,BO,2022-07-11 07:43:33,-18.9,-66.7667,31.78,55,3,1.39
397,Ust-Ishim,RU,2022-07-11 07:43:33,57.6935,71.1665,84.63,48,15,8.41
398,Vila,PT,2022-07-11 07:43:34,42.0304,-8.1588,52.68,43,3,1.16
399,Mudanjiang,CN,2022-07-11 07:43:35,44.5833,129.6,81.45,58,46,1.39
400,Lucapa,AO,2022-07-11 07:43:35,-8.4192,20.7447,80.06,20,60,6.76
401,Thiruvananthapuram,IN,2022-07-11 07:42:19,8.4833,76.9167,84.18,70,75,9.22
402,Camacha,PT,2022-07-11 07:43:35,33.0833,-16.3333,65.62,77,40,16.11
403,Pangnirtung,CA,2022-07-11 07:43:36,66.1451,-65.7125,47.64,72,12,0.74
404,Mana,GF,2022-07-11 07:43:36,5.6592,-53.7767,75.13,91,95,4.05
405,Ponta Delgada,PT,2022-07-11 07:43:36,37.7333,-25.6667,68.5,68,75,5.75
406,Mahibadhoo,MV,2022-07-11 07:43:37,3.7833,72.9667,82.53,76,97,9.46
407,Barcelona,ES,2022-07-11 07:38:40,41.3888,2.159,84.45,55,0,5.75
408,Kungur,RU,2022-07-11 07:43:37,57.4368,56.9593,82.99,55,98,5.77
409,Matadi,CD,2022-07-11 07:43:37,-5.8167,13.45,75.09,74,71,3.24
410,Rock Falls,US,2022-07-11 07:43:38,41.7798,-89.689,71.2,88,0,3.44
411,Mount Pleasant,US,2022-07-11 07:40:48,32.7941,-79.8626,75.2,98,100,4.61
412,Karabulak,RU,2022-07-11 07:43:38,43.3036,44.8964,83.39,41,0,13.8
413,Bure,ET,2022-07-11 07:43:38,10.7,37.0667,57.2,98,100,2.35
414,Manokwari,ID,2022-07-11 07:43:39,-0.8667,134.0833,81.73,76,100,4.63
415,Santa Maria,BR,2022-07-11 07:42:35,-29.6842,-53.8069,71.06,60,98,14.97
416,Cracow,US,2022-07-11 07:43:39,43.7424,-82.8199,64.29,59,0,4.61
417,Ondjiva,AO,2022-07-11 07:43:40,-17.0667,15.7333,62.64,36,0,5.75
418,Sion,CH,2022-07-11 07:43:40,46.2291,7.3594,71.67,57,0,1.14
419,Panguna,PG,2022-07-11 07:44:40,-6.3164,155.4848,69.55,95,91,2.82
420,Coahuayana,MX,2022-07-11 07:44:41,18.7333,-103.6833,76.98,94,43,2.64
421,Batagay-Alyta,RU,2022-07-11 07:44:41,67.8006,130.4114,53.83,93,100,5.77
422,Kloulklubed,PW,2022-07-11 07:44:41,7.0419,134.2556,82.9,70,96,5.77
423,Thatta,PK,2022-07-11 07:44:41,24.7475,67.9235,86.49,71,97,20.87
424,Airai,TL,2022-07-11 07:44:42,-8.9266,125.4092,61.7,86,86,3.78
425,Dan Khun Thot,TH,2022-07-11 07:44:42,15.2085,101.7714,88.74,66,100,15.82
426,Antofagasta,CL,2022-07-11 07:44:42,-23.65,-70.4,51.08,81,19,5.88
427,Manzanillo,CU,2022-07-11 07:44:43,20.3433,-77.1167,74.8,90,65,3.53
428,Kyaukse,MM,2022-07-11 07:44:43,21.6,96.1333,96.8,52,75,9.22
429,Columbus,US,2022-07-11 07:41:21,39.9612,-82.9988,66.81,90,0,0.0
430,Belyy Yar,RU,2022-07-11 07:44:43,53.6039,91.3903,81.86,57,0,6.71
431,Mayo,US,2022-07-11 07:44:44,38.8876,-76.5119,67.17,93,0,0.0
432,Thinadhoo,MV,2022-07-11 07:44:44,0.5333,72.9333,82.36,71,100,5.28
433,De Panne,BE,2022-07-11 07:44:44,51.0792,2.5917,72.14,65,20,4.61
434,Geraldton,AU,2022-07-11 07:44:44,-28.7667,114.6,66.61,45,0,11.5
435,Chambas,CU,2022-07-11 07:44:45,22.1928,-78.9136,75.06,94,94,3.49
436,Tarauaca,BR,2022-07-11 07:44:45,-8.1614,-70.7656,70.59,96,56,2.73
437,Kharovsk,RU,2022-07-11 07:44:45,59.9642,40.1912,81.55,47,39,8.48
438,Linkoping,SE,2022-07-11 07:44:46,58.4109,15.6216,68.99,76,20,6.91
439,Avera,US,2022-07-11 07:44:46,33.194,-82.5271,73.38,93,100,9.08
440,Sinnamary,GF,2022-07-11 07:44:46,5.3833,-52.95,75.61,90,95,2.33
441,Jesus Maria,AR,2022-07-11 07:44:47,-30.9815,-64.0942,52.81,32,68,19.19
442,Boksitogorsk,RU,2022-07-11 07:44:47,59.474,33.8485,65.61,87,100,5.46
443,Pilar,BR,2022-07-11 07:44:47,-9.5972,-35.9567,69.73,93,57,2.17
444,Podporozhye,RU,2022-07-11 07:44:42,60.9112,34.1706,70.81,68,100,2.21
445,Tecoanapa,MX,2022-07-11 07:44:48,16.5167,-98.75,78.12,90,100,4.29
446,Banswara,IN,2022-07-11 07:44:48,23.55,74.45,86.88,66,99,10.71
447,Tamara,HN,2022-07-11 07:44:48,14.15,-87.3333,59.97,94,100,3.27
448,Komsomolskiy,UZ,2022-07-11 07:44:49,40.4272,71.7189,90.32,18,0,6.91
449,Kamenka,RU,2022-07-11 07:44:49,51.3223,42.7678,87.21,33,92,19.6
450,Matay,EG,2022-07-11 07:44:49,28.419,30.7792,87.53,37,5,13.94
451,Itarantim,BR,2022-07-11 07:44:50,-15.6597,-40.0656,61.95,91,76,2.73
452,Quatre Cocos,MU,2022-07-11 07:44:50,-20.2078,57.7625,76.08,71,8,19.89
453,Shaunavon,CA,2022-07-11 07:44:50,49.6501,-108.4181,53.38,60,83,6.89
454,Totness,SR,2022-07-11 07:44:50,5.8833,-56.3167,75.4,91,100,7.36
455,Coquimbo,CL,2022-07-11 07:44:51,-29.9533,-71.3436,51.53,71,75,14.97
456,Virginia Beach,US,2022-07-11 07:43:35,36.8529,-75.978,71.62,90,100,10.36
457,Isiro,CD,2022-07-11 07:44:51,2.7739,27.616,77.04,66,97,2.3
458,Kaeo,NZ,2022-07-11 07:44:51,-35.1,173.7833,64.33,98,100,19.73
459,Loveland,US,2022-07-11 07:41:39,40.3978,-105.075,73.78,54,88,3.0
460,Ugoofaaru,MV,2022-07-11 07:44:52,5.6667,73.0,81.54,80,100,11.14
461,Meadow Lake,US,2022-07-11 07:44:52,34.8014,-106.5436,76.15,46,29,2.77
462,Kitgum,UG,2022-07-11 07:45:53,3.2783,32.8867,71.6,76,95,3.89
463,Caluquembe,AO,2022-07-11 07:45:53,-13.7833,14.6833,64.6,37,9,5.48
464,Hay River,CA,2022-07-11 07:45:54,60.8156,-115.7999,60.78,82,20,5.75
465,Karonga,MW,2022-07-11 07:45:54,-9.9333,33.9333,75.13,54,6,9.46
466,Juegang,CN,2022-07-11 07:45:54,32.3174,121.1855,89.11,75,17,7.54
467,Bilma,NE,2022-07-11 07:45:55,18.6853,12.9164,93.18,27,95,3.56
468,Loviisa,FI,2022-07-11 07:45:55,60.4566,26.2251,69.3,62,100,2.57
469,Vao,NC,2022-07-11 07:45:55,-22.6667,167.4833,68.74,80,100,25.95
470,Ucluelet,CA,2022-07-11 07:45:56,48.9329,-125.5528,57.09,91,2,4.61
471,Nabire,ID,2022-07-11 07:45:56,-3.3667,135.4833,78.06,91,100,1.5
472,Puerto Baquerizo Moreno,EC,2022-07-11 07:45:56,-0.9,-89.6,69.67,81,100,11.74
473,Pljevlja,ME,2022-07-11 07:45:57,43.3333,19.3333,62.35,46,13,8.12
474,Dejen,ET,2022-07-11 07:45:57,10.1667,38.1333,55.54,88,100,4.83
475,Bima,ID,2022-07-11 07:45:57,-8.4667,118.7167,84.31,69,47,6.2
476,Abonnema,NG,2022-07-11 07:45:57,4.7084,6.7931,75.07,86,100,3.87
477,Bairiki,KI,2022-07-11 07:45:58,1.3292,172.9752,82.4,83,75,9.22
478,Cassilandia,BR,2022-07-11 07:45:58,-19.1133,-51.7342,61.86,57,90,4.79
479,Khani,GE,2022-07-11 07:45:58,41.9563,42.9566,69.37,79,72,4.9
480,Molina,CL,2022-07-11 07:45:59,-35.1167,-71.2833,35.33,100,100,3.44
481,Touros,BR,2022-07-11 07:45:59,-5.1989,-35.4608,72.32,88,14,12.77
482,Mwanza,TZ,2022-07-11 07:46:00,-2.5167,32.9,75.79,41,6,11.16
483,Sioux Lookout,CA,2022-07-11 07:46:00,50.1001,-91.917,62.67,94,100,4.61
484,Dukat,RU,2022-07-11 07:46:00,62.55,155.55,83.37,30,71,12.66
485,Sergeyevka,KZ,2022-07-11 07:46:01,53.88,67.4158,83.7,48,46,12.59
486,Huarmey,PE,2022-07-11 07:46:01,-10.0681,-78.1522,61.34,89,18,8.25
487,Kalanchak,UA,2022-07-11 07:46:01,46.2562,33.2907,80.35,39,5,14.79
488,Kinlochleven,GB,2022-07-11 07:46:02,56.7115,-4.9661,64.2,84,100,3.6
489,Shalinskoye,RU,2022-07-11 07:46:02,55.7228,93.7594,74.43,53,7,13.29
490,Kununurra,AU,2022-07-11 07:43:52,-15.7667,128.7333,80.58,17,6,10.36
491,Milicz,PL,2022-07-11 07:46:03,51.5277,17.2714,64.11,47,40,14.16
492,Sri Aman,MY,2022-07-11 07:46:03,1.2376,111.4621,93.25,62,40,1.14
493,Mankono,CI,2022-07-11 07:46:03,8.0586,-6.1897,72.7,88,100,7.29
494,Gravdal,NO,2022-07-11 07:46:04,68.1214,13.5031,52.29,79,31,15.55
495,Clinton,US,2022-07-11 07:45:03,42.587,-82.9199,68.02,81,20,0.0
496,Onega,RU,2022-07-11 07:46:04,63.9061,38.1404,75.83,57,72,7.85
497,Narsaq,GL,2022-07-11 07:46:04,60.9167,-46.05,44.82,75,71,1.39
498,Aksu,CN,2022-07-11 07:46:05,41.1231,80.2644,88.48,19,90,9.22
499,Oktyabrskoye,RU,2022-07-11 07:46:05,43.0645,44.7417,80.74,54,0,11.18
500,Preobrazheniye,RU,2022-07-11 07:46:05,42.9019,133.9064,66.18,90,100,5.03
501,Makhinjauri,GE,2022-07-11 07:46:06,41.6739,41.694,73.26,88,75,13.8
502,Kashan,IR,2022-07-11 07:46:06,33.9831,51.4364,101.79,7,0,0.0
503,Isla Mujeres,MX,2022-07-11 07:43:13,21.2311,-86.731,77.16,78,6,8.12
504,Villazon,BO,2022-07-11 07:46:07,-22.0866,-65.5942,32.18,34,73,3.6
505,Jiuquan,CN,2022-07-11 07:46:07,39.7432,98.5174,88.72,14,99,15.35
506,Yakima,US,2022-07-11 07:46:07,46.4665,-120.6678,71.53,48,0,9.22
507,Shetpe,KZ,2022-07-11 07:46:08,44.1667,52.1167,96.28,13,2,17.22
508,Saint-Francois,FR,2022-07-11 07:47:08,46.4154,3.9054,67.44,52,0,6.91
509,Srednekolymsk,RU,2022-07-11 07:47:08,67.45,153.6833,83.26,37,61,4.21
510,Khandyga,RU,2022-07-11 07:47:09,62.6667,135.6,77.14,60,89,11.48
511,Sur,OM,2022-07-11 07:47:09,22.5667,59.5289,89.87,64,100,9.71
512,Kahului,US,2022-07-11 07:47:09,20.8947,-156.47,77.02,72,0,13.8
513,Kalghatgi,IN,2022-07-11 07:47:10,15.1833,74.9667,74.52,89,100,14.23
514,Taksimo,RU,2022-07-11 07:47:10,56.3444,114.8794,69.57,56,86,3.2
515,Iquitos,PE,2022-07-11 07:47:11,-3.7481,-73.2472,71.64,100,75,2.3
516,La Paz,BO,2022-07-11 07:45:03,-16.5,-68.15,37.38,47,96,2.3
517,Altay,CN,2022-07-11 07:47:11,47.8667,88.1167,80.15,33,48,8.7
518,Nemuro,JP,2022-07-11 07:47:11,43.3236,145.575,61.27,98,58,8.21
519,Kedougou,SN,2022-07-11 07:47:12,12.5579,-12.1743,77.58,94,0,0.0
520,Altamont,US,2022-07-11 07:47:08,42.2068,-121.7372,71.44,30,0,13.8
521,Coffs Harbour,AU,2022-07-11 07:47:12,-30.3,153.1333,57.16,72,40,6.91
522,Bam,IR,2022-07-11 07:47:13,29.106,58.357,100.54,18,76,7.27
523,Sao Gabriel Da Cachoeira,BR,2022-07-11 07:47:13,-0.1303,-67.0892,71.06,99,100,1.43
524,Durazno,UY,2022-07-11 07:47:13,-33.4131,-56.5006,56.52,98,100,12.62
525,Umarkot,PK,2022-07-11 07:47:14,25.3616,69.7362,97.07,46,70,11.61
526,Dunda,TZ,2022-07-11 07:47:14,-8.1167,34.25,73.47,41,45,5.7
527,El Bagre,CO,2022-07-11 07:47:14,7.5927,-74.8086,73.63,100,100,0.65
528,Flin Flon,CA,2022-07-11 07:47:15,54.7682,-101.865,59.72,66,43,7.74
529,Bambari,CF,2022-07-11 07:47:16,5.768,20.6757,76.75,84,100,5.03
530,Aloleng,PH,2022-07-11 07:47:16,16.1307,119.7824,85.78,73,50,9.6
531,Sobolevo,RU,2022-07-11 07:47:16,54.4299,31.8996,59.85,97,100,11.86
532,Havre-Saint-Pierre,CA,2022-07-11 07:47:16,50.2334,-63.5986,52.16,93,100,0.0
533,Juneau,US,2022-07-11 07:43:06,58.3019,-134.4197,55.22,95,100,11.5
534,Ambatofinandrahana,MG,2022-07-11 07:47:17,-20.55,46.8,61.7,49,1,13.31
535,Chongqing,CN,2022-07-11 07:44:26,29.5628,106.5528,104.32,35,20,11.18
536,Kingsport,US,2022-07-11 07:47:17,36.5484,-82.5618,68.11,89,100,1.01
537,Nizhniy Baskunchak,RU,2022-07-11 07:47:18,48.2198,46.8311,98.71,15,88,19.71
538,Upata,VE,2022-07-11 07:47:18,8.0086,-62.3989,72.19,93,100,6.15
539,Cuenca,EC,2022-07-11 07:47:18,-2.8833,-78.9833,55.53,82,93,2.3
540,Krasnyy Chikoy,RU,2022-07-11 07:47:18,50.3643,108.7512,67.77,54,99,6.13
541,Airdrie,GB,2022-07-11 07:45:03,55.866,-3.9803,64.96,81,100,4.68
542,Nam Som,TH,2022-07-11 07:47:19,17.7704,102.1895,88.9,69,100,1.28
543,Altona,DE,2022-07-11 07:47:19,53.55,9.9333,65.75,74,75,6.91
544,Verkhoyansk,RU,2022-07-11 07:47:19,67.5447,133.385,57.25,96,100,4.9
545,Santa Lucia,ES,2022-07-11 07:47:20,27.9117,-15.5407,76.32,24,20,26.46
546,Shimoda,JP,2022-07-11 07:44:46,34.6667,138.95,82.76,84,78,4.0
547,Karratha,AU,2022-07-11 07:47:20,-20.7377,116.8463,76.01,29,5,12.41
548,Inuvik,CA,2022-07-11 07:47:21,68.3499,-133.7218,61.66,82,75,2.3
